Gene,CD28_CD4+,CD28_CD8+,KIR_CD4+,KIR_CD8+
GRB2,1,1,0,0
SDCBP,1,1,0,0
TRIM21,1,1,1,1
TRIM21,1,1,1,1
TJP2,1,0,0,0
CD247,1,1,0,0
TYROBP,0,0,1,1
TYROBP,0,0,1,1
SDCBP,1,1,0,0
CD28,1,1,0,0
KIR2DS1;KIR2DS2;KIR2DS4,0,0,1,1
GALNT1,0,0,1,1
SDCBP,1,1,0,0
SDCBP,1,1,0,0
SLC7A5,1,1,1,1
KIR2DS1;KIR2DS2;KIR2DS4,0,0,1,1
ZAP70,1,1,0,0
SLC7A5,1,1,1,1
GALNT1,0,0,1,1
SLC7A5,1,1,1,1
PPP1R16B,1,0,0,0
C16orf54,1,1,1,0
LGALS1,1,1,1,0
RPA3,0,0,0,1
APOE,1,1,0,0
TRIM21,1,1,1,1
HLA-E,1,1,1,1
POSTN,0,0,0,1
CLDND1,1,1,0,0
CD7,1,1,1,1
SLC16A3,1,1,1,1
TIGIT,1,1,1,1
TNK2,1,1,0,0
TTYH3,1,1,0,0
PLP2,1,1,1,0
CD7,1,1,1,1
CD28,1,1,0,0
LGALS1,1,1,1,0
TIGIT,1,1,1,1
SLC16A3,1,1,1,1
SELL,1,1,1,1
ZAP70,1,1,0,0
CD7,1,1,1,1
SELL,1,1,1,1
HLA-DQA1,1,1,1,0
GRB2,1,1,0,0
SIRPG,1,1,1,0
HLA-E,1,1,1,1
RHOH,1,1,0,0
APOE,1,1,0,0
PRNP,1,1,1,0
LGALS1,1,1,1,0
UBASH3A,1,1,0,0
IL27RA,1,1,1,0
CD247,1,1,0,0
SIRPG,1,1,1,0
LAG3,1,1,1,0
UBASH3A,1,1,0,0
SLC16A3,1,1,1,1
SELL,1,1,1,1
TRIM21,1,1,1,1
PLP2,1,1,1,0
C16orf54,1,1,1,0
SLC7A5,1,1,1,1
MCAM,1,1,0,0
LAPTM5,0,0,1,0
C16orf54,1,1,1,0
CD38,1,1,0,0
LRRC8A,1,1,1,0
TNIK,1,0,0,0
CRKL,1,1,0,0
IL12RB1,1,1,1,0
PLP2,1,1,1,0
TNK2,1,1,0,0
SLC16A1,1,1,1,0
ITM2A,1,0,0,0
RNF149,1,1,0,0
HLA-DQA1,1,1,1,0
HLA-E,1,1,1,1
FCHO1,1,1,0,0
AP2A1,1,0,1,0
CD7,1,1,1,1
SLC3A2,1,1,0,0
LDLR,1,1,1,0
CRKL,1,1,0,0
ARHGEF39,0,1,0,0
REPS1,0,0,1,0
LAG3,1,1,1,0
PTPRJ,1,1,0,0
SLC16A7,1,1,1,0
SIRPG,1,1,1,0
RHOH,1,1,0,0
TSPAN14,1,1,0,0
MAP4K4,1,1,0,0
TNFRSF4,1,0,0,0
ARRDC1,1,1,0,0
CD40LG,1,0,0,0
SELL,1,1,1,1
SLC16A3,1,1,1,1
SLC3A2,1,1,0,0
PRNP,1,1,1,0
SLC38A5,1,1,0,0
CD99L2,1,0,0,0
SPN,1,1,0,0
CBLB,1,1,0,0
ITGAX,1,1,0,0
MAP4K4,1,1,0,0
FYB1,1,1,0,0
SLC38A5,1,1,0,0
CD109,1,1,0,0
CD38,1,1,0,0
PRNP,1,1,1,0
RNF149,1,1,0,0
LRRN3,0,1,0,0
TAOK3,1,1,0,0
LRRC8A,1,1,1,0
CD82,1,0,0,0
CD44,1,1,0,0
TNFSF10,1,1,0,0
UBASH3B,1,1,0,0
SKAP1,1,1,0,0
LAG3,1,1,1,0
ICAM1,1,1,0,0
CNNM3,1,1,0,0
HSH2D,1,1,0,0
HAVCR2,1,1,0,0
MCAM,1,1,0,0
IL12RB1,1,1,1,0
HLA-DRA,1,1,0,0
TAOK3,1,1,0,0
SDC4,1,0,0,0
SKAP1,1,1,0,0
HLA-B,1,1,0,0
SLC16A1,1,1,1,0
SERINC5,1,1,0,0
HSH2D,1,1,0,0
PTPRJ,1,1,0,0
F11R,1,1,0,0
CD109,1,1,0,0
TIGIT,1,1,1,1
ARRDC1,1,1,0,0
KCNAB2,1,1,0,0
TGFBR3,1,1,0,0
TSPAN14,1,1,0,0
FYB1,1,1,0,0
SLC16A7,1,1,1,0
ITK,1,1,0,0
CARMIL2,1,1,0,0
FCHO1,1,1,0,0
TRBC1,1,1,0,0
SLC3A2,1,1,0,0
HLA-E,1,1,1,1
CD44,1,1,0,0
ICAM1,1,1,0,0
JAG2,1,1,0,0
CD27,1,1,0,0
LAT,1,0,0,0
IGFLR1,1,1,0,0
GRAP2,1,1,0,0
NEDD4,1,1,0,0
TRBC1,1,1,0,0
SLC4A2,1,1,0,0
TTYH3,1,1,0,0
PIK3R1,0,1,0,0
SLC3A2,1,1,0,0
ENG,1,1,0,0
ITGAX,1,1,0,0
ENTPD1,1,1,0,0
F11R,1,1,0,0
EVI2A,1,1,0,0
IL27RA,1,1,1,0
CBLB,1,1,0,0
IGFLR1,1,1,0,0
CD70,0,1,0,0
ENTPD1,1,1,0,0
MAP4K4,1,1,0,0
UBAP1,1,0,0,0
IFITM1,1,1,0,0
IFITM1,1,1,0,0
ADGRE5,1,1,0,0
GTF2I,1,1,0,0
TNFSF10,1,1,0,0
SLC16A1,1,1,1,0
JAG2,1,1,0,0
SH2D1A,1,0,0,0
CHEK1,1,1,0,0
CXCR4,1,0,0,0
CD226,1,1,0,0
NUCB1,1,1,0,0
TGFBR3,1,1,0,0
RECK,1,1,0,0
IL27RA,1,1,1,0
IGSF8,1,1,0,0
SLC4A10,0,1,0,0
ENG,1,1,0,0
ITGA4,1,1,0,0
TSG101,1,1,0,0
IL10RB,1,1,0,0
IL10RB,1,1,0,0
CNN2,1,1,0,0
HAVCR2,1,1,0,0
HLA-B,1,1,0,0
IL12RB1,1,1,1,0
TRPV2,1,1,0,0
TIGIT,1,1,1,1
HLA-DRA,1,1,0,0
LRRC8A,1,1,1,0
UBE2L3,0,1,0,0
SLC4A2,1,1,0,0
ITK,1,1,0,0
SNX18,1,0,0,0
IL2RA,1,1,0,0
CARMIL2,1,1,0,0
TGFBR1,1,1,0,0
F5,1,0,0,0
PIK3C2B,0,1,0,0
UBASH3B,1,1,0,0
IGSF8,1,1,0,0
IFNAR1,1,1,0,0
SLAMF7,0,1,0,0
HLA-DQA1,1,1,1,0
ICAM3,1,1,0,0
HLA-B,1,1,0,0
CD5,1,1,0,0
SMURF1,1,0,0,0
PSTPIP1,1,1,0,0
EVI2A,1,1,0,0
SLC43A1,0,1,0,0
TNIP1,1,1,0,0
IFNAR1,1,1,0,0
LDLR,1,1,1,0
P2RY8,0,1,0,0
LCP2,1,0,0,0
SERINC5,1,1,0,0
IL2RA,1,1,0,0
TSG101,1,1,0,0
CNNM3,1,1,0,0
LDLR,1,1,1,0
ADGRE5,1,1,0,0
CD6,1,1,0,0
SLC16A7,1,1,1,0
PLXNA1,1,1,0,0
DUT,1,0,0,0
CLDND1,1,1,0,0
CD6,1,1,0,0
LY75,1,1,0,0
TNFRSF18,1,0,0,0
SLC6A6,1,1,0,0
PDCD6IP,1,1,0,0
PTPRA,1,1,0,0
IL2RB,1,1,0,0
SEMA4C,1,1,0,0
CARD11,1,0,0,0
OTUB1,0,1,0,0
HLA-B,1,1,0,0
RECK,1,1,0,0
CD226,1,1,0,0
FNBP1,1,1,0,0
GGA3,1,0,0,0
TRAC,1,1,0,0
IL3RA,1,0,0,0
ECE1,1,1,0,0
PTPRA,1,1,0,0
CYBRD1,1,1,0,0
HLA-C,1,1,0,0
LAX1,1,1,0,0
SPN,1,1,0,0
BTN3A3,1,1,0,0
VLDLR,1,1,0,0
HLA-A,1,1,0,0
CD27,1,1,0,0
IL2RB,1,1,0,0
CPM,1,0,0,0
BOLA2B,1,1,0,0
HLA-C,1,1,0,0
GRAP2,1,1,0,0
LAX1,1,1,0,0
ITGA2,1,1,0,0
CSK,1,1,0,0
LAIR1,1,1,0,0
SDF4,1,0,0,0
SEMA7A,0,1,0,0
PDCD1LG2,1,0,0,0
CEMIP2,1,1,0,0
TPP2,1,1,0,0
SLC1A4,1,1,0,0
RHOF,1,0,0,0
SLC4A7,1,1,0,0
TMBIM1,1,1,0,0
HLA-A,1,1,0,0
CD6,1,1,0,0
BSG,1,1,0,0
ICAM3,1,1,0,0
PDCD6IP,1,1,0,0
CBL,1,0,0,0
TK1,1,1,0,0
ITGA4,1,1,0,0
HLA-C,1,1,0,0
CEP55,1,1,0,0
VLDLR,1,1,0,0
CHEK1,1,1,0,0
CD96,1,1,0,0
ERBIN,1,1,0,0
HLA-B,1,1,0,0
CSF1,1,0,0,0
JAML,1,1,0,0
CD5,1,1,0,0
CASK,0,1,0,0
SH2D2A,1,1,0,0
SELPLG,1,1,0,0
ARF6,1,0,0,0
VAV1,1,1,0,0
LY75,1,1,0,0
ITGA5,1,1,0,0
PLXNA1,1,1,0,0
GTF2I,1,1,0,0
PSTPIP1,1,1,0,0
HLA-A,1,1,0,0
TNFRSF1B,1,1,0,0
TMBIM1,1,1,0,0
NEO1,1,0,0,0
LNPEP,1,1,0,0
HLA-A,1,1,0,0
BST2,1,1,0,0
GPR15,1,1,0,0
ERBIN,1,1,0,0
ADAM19,1,0,0,0
CSNK1G1,1,1,0,0
CD300A,1,0,0,0
PSME2,0,1,0,0
NEDD4,1,1,0,0
TNFRSF1B,1,1,0,0
SLC1A4,1,1,0,0
LAT2,1,1,0,0
CNN2,1,1,0,0
CEP55,1,1,0,0
SLAMF6,1,1,0,0
SLC1A5,1,1,0,0
HLA-A,1,1,0,0
HLA-B,1,1,0,0
BST2,1,1,0,0
FYN,1,1,0,0
VAV1,1,1,0,0
EPS15,1,1,0,0
BOLA2B,1,1,0,0
SLC2A1,1,1,0,0
HLA-A,1,1,0,0
HLA-C,1,1,0,0
LAIR1,1,1,0,0
ATXN10,0,1,0,0
BSG,1,1,0,0
NPTN,0,1,0,0
CD2,1,1,0,0
SLAMF6,1,1,0,0
CD96,1,1,0,0
PTK2B,1,1,0,0
DSTN,1,0,0,0
SH2D2A,1,1,0,0
TRPV2,1,1,0,0
TFRC,1,1,0,0
SLC2A1,1,1,0,0
CSK,1,1,0,0
HLA-C,1,1,0,0
AP2M1,1,1,0,0
PRKCQ,1,1,0,0
GLIPR1,0,1,0,0
ITGA5,1,1,0,0
TNIP1,1,1,0,0
CEMIP2,1,1,0,0
CD2,1,1,0,0
ECE1,1,1,0,0
SEMA4A,1,1,0,0
PTK2B,1,1,0,0
SLC4A7,1,1,0,0
TRAC,1,1,0,0
TPP2,1,1,0,0
LAT2,1,1,0,0
TCAF2,1,1,0,0
TCAF2,1,1,0,0
RTF2,0,1,0,0
LGALS9,1,1,0,0
SLC29A1,1,1,0,0
AP2A1,1,0,1,0
HLA-DQA1,1,1,1,0
SLC6A6,1,1,0,0
APOB,1,1,0,0
JAML,1,1,0,0
PECAM1,0,1,0,0
LGALS3,1,0,0,0
PRKCQ,1,1,0,0
SLC1A5,1,1,0,0
GPR15,1,1,0,0
TK1,1,1,0,0
LGALS9,1,1,0,0
KCNAB2,1,1,0,0
KLC1,0,1,0,0
SEMA4B,1,0,0,0
INPP5D,1,1,0,0
ADAM10,1,0,0,0
NEK9,0,1,0,0
SEMA4C,1,1,0,0
AIP,0,1,0,0
SLC29A1,1,1,0,0
NUCB1,1,1,0,0
FNBP1,1,1,0,0
HBA2,0,1,0,0
APOB,1,1,0,0
RAB8A,1,1,0,0
INPP5D,1,1,0,0
TYK2,1,1,0,0
DOK2,1,0,0,0
TAOK2,1,0,0,0
GGT1;GGT2P;GGT3P,1,0,0,0
DPP4,1,0,0,0
EPS15,1,1,0,0
PLCG1,1,0,0,0
AP2A2,1,0,0,0
LNPEP,1,1,0,0
ITGA2,1,1,0,0
TFRC,1,1,0,0
FYN,1,1,0,0
ACVR1,1,0,0,0
TRAT1,1,0,0,0
TNFRSF14,1,0,0,0
ICOS,1,0,0,0
KRIT1,1,0,0,0
SLC4A7,1,1,0,0
NIBAN2,1,0,0,0
SLC26A6,1,0,0,0
CD4,1,0,1,0
FAS,1,0,0,0
RHOG,1,0,0,0
DOK1,1,0,0,0
SCAMP3,1,0,0,0
SLC5A6,1,0,0,0
CD3D,1,0,0,0
NECAP2,1,0,0,0
ITSN2,1,0,0,0
SEMA4A,1,1,0,0
SLC38A1,1,0,0,0
CYBRD1,1,1,0,0
TYK2,1,1,0,0
ANXA6,1,0,0,0
TGFBR1,1,1,0,0
BTN3A3,1,1,0,0
CD58,1,0,0,0
MCMBP,1,0,0,0
TOM1,1,0,0,0
TBC1D10B,1,0,0,0
SNX9,1,0,0,0
SLC4A7,1,1,0,0
AP2M1,1,1,0,0
LCK,1,0,0,0
NOTCH2,1,0,0,0
SLC7A1,1,0,0,0
PTPN22,1,0,0,0
FURIN,1,0,0,0
RAB8A,1,1,0,0
CAPZB,1,0,0,0
LMAN2,1,0,0,0
ITGB7,1,0,0,0
STX18,1,0,0,0
CCM2,1,0,0,0
MAP4K1,1,0,0,0
CSNK1G1,1,1,0,0
NOTCH1,1,0,0,0
EFR3A,1,0,0,0
NT5E,1,0,0,0
SLAMF1,1,0,0,0
CD99,1,0,0,0
HLA-DPB1,1,0,0,0
STAT3,1,0,0,0
SELPLG,1,1,0,0
RIPK3,1,0,0,0
AP2B1,1,0,0,0
PPP1CB,1,0,0,0
SNX20,1,0,0,0
YES1,1,0,0,0
GNA15,1,0,0,0
CD101,1,0,0,0
SIT1,1,0,0,0
CD3E,1,0,0,0
FLOT1,1,0,0,0
PIEZO1,1,0,0,0
SORL1,1,0,0,0
CTLA4,1,0,0,0
FAM126A,1,0,0,0
MYO1F,1,0,0,0